id,fullName,currentTeam,primaryPosition
472551,Fernando Abad,Colorado Rockies,Pitcher
671096,Andrew Abbott,null,Pitcher
676265,Cory Abbott,null,Pitcher
682928,CJ Abrams,null,Batter
656061,Albert Abreu,null,Pitcher
650556,Bryan Abreu,null,Pitcher
547989,Jose Abreu,null,Batter
642758,Domingo Acevedo,Oakland Athletics,Pitcher
670183,Garrett Acton,Oakland Athletics,Pitcher
660670,Ronald Acuna Jr.,null,Batter
592094,Jason Adam,null,Pitcher
642715,Willy Adames,null,Batter
613534,Austin Adams,null,Pitcher
656180,Riley Adams,null,Batter
686654,Ty Adcock,null,Pitcher
666176,Jo Adell,Los Angeles Angels,Batter
501303,Ehire Adrianza,Atlanta Braves,Batter
542583,Jesus Aguilar,Oakland Athletics,Batter
605113,Nick Ahmed,null,Batter
669211,Keegan Akin,null,Pitcher
593643,Hanser Alberto,Chicago White Sox,Batter
645277,Ozzie Albies,null,Batter
660896,Jorge Alcala,Minnesota Twins,Pitcher
645261,Sandy Alcantara,null,Pitcher
518397,Scott Alexander,null,Pitcher
641302,Tyler Alexander,null,Pitcher
595751,Jorge Alfaro,null,Batter
656185,Greg Allen,New York Yankees,Batter
671106,Logan Allen,null,Pitcher
669397,Nick Allen,Oakland Athletics,Batter
622075,Yency Almonte,null,Pitcher
624413,Pete Alonso,New York Mets,Batter
514888,Jose Altuve,null,Batter
666906,Jake Alu,Washington Nationals,Batter
621237,Jose Alvarado,null,Pitcher
682626,Francisco Alvarez,null,Batter
670541,Yordan Alvarez,Houston Astros,Batter
640470,Adbert Alzolay,null,Pitcher
665804,Miguel Amaya,null,Batter
605119,Brian Anderson,null,Batter
681982,Grant Anderson,null,Pitcher
623433,Nick Anderson,null,Pitcher
502624,Chase Anderson,null,Pitcher
641313,Tim Anderson,null,Batter
542881,Tyler Anderson,null,Pitcher
462101,Elvis Andrus,null,Batter
609280,Miguel Andujar,Pittsburgh Pirates,Batter
606115,Orlando Arcia,null,Batter
571448,Nolan Arenado,null,Batter
672356,Gabriel Arias,null,Batter
542888,Shawn Armstrong,null,Pitcher
668227,Randy Arozarena,null,Batter
650333,Luis Arraez,null,Batter
624414,Christian Arroyo,null,Batter
668933,Graham Ashcraft,Cincinnati Reds,Pitcher
665871,Javier Assad,null,Pitcher
640492,Jose Azocar,San Diego Padres,Batter
696147,Sam Bachman,null,Pitcher
668731,Akil Baddoo,Detroit Tigers,Batter
664056,Harrison Bader,New York Yankees,Batter
678225,Ji Hwan Bae,null,Batter
595879,Javier Baez,null,Batter
672275,Patrick Bailey,null,Batter
641329,Bryan Baker,null,Pitcher
663609,Luken Baker,null,Batter
607455,Anthony Banda,Washington Nationals,Pitcher
621383,Tanner Banks,null,Pitcher
676625,Rylan Bannon,Houston Astros,Batter
453268,Daniel Bard,null,Pitcher
669618,Joe Barlow,null,Pitcher
605130,Scott Barlow,null,Pitcher
605131,Austin Barnes,null,Batter
598264,Matt Barnes,Miami Marlins,Pitcher
571466,Tucker Barnhart,null,Batter
668663,Tres Barrera,St. Louis Cardinals,Batter
676480,Jose Barrero,Cincinnati Reds,Batter
642545,Jaime Barria,null,Pitcher
663698,Joey Bart,San Francisco Giants,Batter
542914,Anthony Bass,Toronto Blue Jays,Pitcher
605135,Chris Bassitt,null,Pitcher
685410,Peyton Battenfield,Cleveland Guardians,Pitcher
683146,Brett Baty,null,Batter
641343,Jake Bauers,null,Batter
657508,Mike Baumann,null,Pitcher
642585,Felix Bautista,null,Pitcher
607461,Matt Beaty,San Francisco Giants,Batter
663941,Tristan Beck,San Francisco Giants,Pitcher
670280,David Bednar,null,Pitcher
656222,Jalen Beeks,Tampa Bay Rays,Pitcher
605137,Josh Bell,null,Batter
571479,Andrew Bellatti,Philadelphia Phillies,Pitcher
641355,Cody Bellinger,null,Batter
678394,Brayan Bello,null,Pitcher
474832,Brandon Belt,Toronto Blue Jays,Batter
621532,Anthony Bemboom,Baltimore Orioles,Batter
643217,Andrew Benintendi,null,Batter
666181,Will Benson,null,Batter
657514,Brennan Bernardino,null,Pitcher
621244,Jose Berrios,null,Pitcher
542932,Jon Berti,null,Batter
542194,Christian Bethancourt,null,Batter
605141,Mookie Betts,null,Batter
676440,Tanner Bibee,null,Pitcher
666182,Bo Bichette,null,Batter
641360,Phil Bickford,Los Angeles Dodgers,Pitcher
674370,Osvaldo Bido,null,Pitcher
669456,Shane Bieber,null,Pitcher
656232,Brandon Bielak,null,Pitcher
624415,Cavan Biggio,null,Batter
656234,Jake Bird,null,Pitcher
621389,Ty Blach,Colorado Rockies,Pitcher
621112,Paul Blackburn,null,Pitcher
453568,Charlie Blackmon,Colorado Rockies,Batter
680118,Dairon Blanco,null,Batter
669854,Ronel Blanco,null,Pitcher
668709,JJ Bleday,null,Batter
542947,Richard Bleier,Boston Red Sox,Pitcher
593428,Xander Bogaerts,null,Batter
664761,Alec Bohm,null,Batter
675989,Cody Bolton,Pittsburgh Pirates,Pitcher
502202,Brad Boxberger,Chicago Cubs,Pitcher
571510,Matthew Boyd,null,Pitcher
611093,Silvino Bracho,Cincinnati Reds,Pitcher
674003,Cody Bradford,null,Pitcher
680694,Kyle Bradish,null,Pitcher
605151,Archie Bradley,null,Pitcher
598265,Jackie Bradley Jr.,Kansas City Royals,Batter
671737,Taj Bradley,null,Pitcher
666374,Matt Brash,null,Pitcher
518489,Ryan Brasier,Boston Red Sox,Pitcher
623211,Huascar Brazoban,Miami Marlins,Pitcher
605154,John Brebbia,null,Pitcher
608324,Alex Bregman,null,Batter
686823,Will Brennan,null,Batter
605155,Colten Brewer,New York Yankees,Pitcher
681146,Jonah Bride,null,Batter
656257,Jeff Brigham,null,Pitcher
668754,Braden Bristo,Detroit Tigers,Pitcher
666745,Jhony Brito,New York Yankees,Pitcher
641401,Connor Brogdon,Philadelphia Phillies,Pitcher
670712,Mike Brosseau,Milwaukee Brewers,Batter
686613,Hunter Brown,null,Pitcher
664913,Seth Brown,null,Batter
677865,Justin Bruihl,Los Angeles Dodgers,Pitcher
660644,Vidal Brujan,null,Batter
592178,Kris Bryant,Colorado Rockies,Batter
663460,Kris Bubic,Kansas City Royals,Pitcher
656266,J.B. Bukauskas,Seattle Mariners,Pitcher
518516,Madison Bumgarner,Arizona Diamondbacks,Pitcher
607481,Aaron Bummer,null,Pitcher
595897,Nick Burdi,Chicago Cubs,Pitcher
641420,Zack Burdi,Tampa Bay Rays,Pitcher
680814,Peyton Burdick,Miami Marlins,Batter
669394,Jake Burger,null,Batter
656271,Brock Burke,null,Pitcher
676475,Alec Burleson,null,Batter
669203,Corbin Burnes,null,Pitcher
683737,Michael Busch,null,Batter
641427,Alan Busenitz,Cincinnati Reds,Pitcher
456713,Matt Bush,Milwaukee Brewers,Pitcher
676130,Jose Butto,New York Mets,Pitcher
621439,Byron Buxton,null,Batter
676609,Jose Caballero,null,Batter
665795,Edward Cabrera,null,Pitcher
650893,Genesis Cabrera,null,Pitcher
408234,Miguel Cabrera,null,Batter
665828,Oswaldo Cabrera,null,Batter
641432,Willie Calhoun,null,Batter
669743,Alex Call,Washington Nationals,Batter
663971,Blair Calvo,Colorado Rockies,Pitcher
669134,Luis Campusano,San Diego Padres,Batter
600869,Jeimer Candelario,null,Batter
592192,Mark Canha,null,Batter
656288,Griffin Canning,null,Pitcher
666974,Yennier Cano,null,Pitcher
668843,Conner Capel,Oakland Athletics,Batter
571539,Matt Carasiti,null,Pitcher
605170,Victor Caratini,null,Batter
666185,Dylan Carlson,null,Batter
656290,Drew Carlton,null,Pitcher
681481,Kerry Carpenter,null,Batter
572761,Matt Carpenter,null,Batter
471911,Carlos Carrasco,null,Pitcher
682998,Corbin Carroll,null,Batter
592200,Curt Casali,null,Batter
671213,Triston Casas,null,Batter
641447,Daniel Castano,Miami Marlins,Pitcher
592206,Nick Castellanos,null,Batter
650895,Diego Castillo,Seattle Mariners,Pitcher
622491,Luis Castillo,null,Pitcher
666721,Max Castillo,Kansas City Royals,Pitcher
605612,Harold Castro,null,Batter
612434,Miguel Castro,null,Pitcher
666801,Rodolfo Castro,null,Batter
650489,Willi Castro,null,Batter
595909,Jake Cave,Philadelphia Phillies,Batter
656302,Dylan Cease,null,Pitcher
570666,Luis Cessa,Cincinnati Reds,Pitcher
605177,Andrew Chafin,null,Pitcher
644374,Yu Chang,Boston Red Sox,Batter
547973,Aroldis Chapman,null,Pitcher
656305,Matt Chapman,null,Batter
608638,JT Chargois,null,Pitcher
445926,Jesse Chavez,Atlanta Braves,Pitcher
656308,Michael Chavis,null,Batter
630023,Yonny Chirinos,null,Pitcher
665862,Jazz Chisholm Jr.,Miami Marlins,Batter
596847,Ji Man Choi,Pittsburgh Pirates,Batter
643256,Adam Cimber,null,Pitcher
542585,Jose Cisnero,null,Pitcher
650644,Aaron Civale,null,Pitcher
664199,Taylor Clarke,null,Pitcher
661403,Emmanuel Clase,null,Pitcher
592222,Alex Claudio,Milwaukee Brewers,Pitcher
664076,Garrett Cleavinger,Tampa Bay Rays,Pitcher
665019,Kody Clemens,null,Batter
676391,Ernie Clement,null,Batter
605182,Mike Clevinger,Chicago White Sox,Pitcher
502171,Alex Cobb,null,Pitcher
693049,Oscar Colas,Chicago White Sox,Batter
543037,Gerrit Cole,null,Pitcher
669395,Dylan Coleman,Kansas City Royals,Pitcher
517008,Alex Colome,Chicago White Sox,Pitcher
624424,Michael Conforto,null,Batter
672710,Roansy Contreras,null,Pitcher
661388,William Contreras,null,Batter
575929,Willson Contreras,null,Batter
643265,Garrett Cooper,null,Batter
571578,Patrick Corbin,null,Pitcher
614173,Franchy Cordero,New York Yankees,Batter
622772,Jimmy Cordero,null,Pitcher
621043,Carlos Correa,null,Batter
641482,Nestor Cortes,New York Yankees,Pitcher
676680,Tom Cosgrove,San Diego Padres,Pitcher
543056,Danny Coulombe,null,Pitcher
664776,Jake Cousins,Milwaukee Brewers,Pitcher
592229,Dylan Covey,null,Pitcher
680735,Austin Cox,null,Pitcher
543063,Brandon Crawford,null,Batter
641487,J.P. Crawford,null,Batter
676710,Kutter Crawford,null,Pitcher
622503,Nabil Crismatt,null,Pitcher
681867,Cooper Criswell,Tampa Bay Rays,Pitcher
676979,Garrett Crochet,null,Pitcher
543068,C.J. Cron,Colorado Rockies,Batter
630105,Jake Cronenworth,null,Batter
640444,Wil Crowe,Pittsburgh Pirates,Pitcher
518585,Fernando Cruz,null,Pitcher
443558,Nelson Cruz,null,Batter
665833,Oneil Cruz,Pittsburgh Pirates,Batter
621016,Jose Cuas,null,Pitcher
456501,Johnny Cueto,Miami Marlins,Pitcher
518586,Charlie Culberson,null,Batter
675540,Xzavion Curry,null,Pitcher
595928,John Curtiss,null,Pitcher
664202,Tyler Cyr,Los Angeles Dodgers,Pitcher
621311,David Dahl,San Diego Padres,Batter
666915,Bobby Dalbec,Boston Red Sox,Batter
506433,Yu Darvish,null,Pitcher
656353,Tucker Davidson,null,Pitcher
605200,Zach Davies,null,Pitcher
605204,J.D. Davis,null,Batter
641505,Jonathan Davis,null,Batter
663562,Noah Davis,Colorado Rockies,Pitcher
602074,Yonathan Daza,Colorado Rockies,Batter
608328,Chase De Jong,Pittsburgh Pirates,Pitcher
650559,Bryan De La Cruz,null,Batter
682829,Elly De La Cruz,null,Batter
592254,Jose De Leon,null,Pitcher
660853,Enyel De Los Santos,null,Pitcher
660787,Yerry De Los Santos,null,Pitcher
657557,Paul DeJong,null,Batter
543101,Anthony DeSclafani,null,Pitcher
641511,Jason Delay,null,Batter
676356,Jonny Deluca,null,Batter
571616,Matt Dermody,Boston Red Sox,Pitcher
672282,Reid Detmers,null,Pitcher
606965,Chris Devenski,null,Pitcher
646240,Rafael Devers,null,Batter
649557,Aledmys Diaz,null,Batter
664747,Alexis Diaz,null,Pitcher
553869,Elias Diaz,null,Batter
672478,Jordan Diaz,Oakland Athletics,Batter
673237,Yainer Diaz,null,Batter
650490,Yandy Diaz,null,Batter
572816,Corey Dickerson,null,Batter
518617,Jake Diekman,null,Pitcher
641525,Brandon Dixon,null,Batter
689266,Dylan Dodd,Atlanta Braves,Pitcher
622554,Seranthony Dominguez,null,Pitcher
518626,Josh Donaldson,null,Batter
680977,Brendan Donovan,null,Batter
666808,Camilo Doval,null,Pitcher
669023,Jeter Downs,Washington Nationals,Batter
686668,Brenton Doyle,null,Batter
641531,Hunter Dozier,Kansas City Royals,Batter
592273,Brandon Drury,null,Batter
650960,Daniel Duarte,null,Pitcher
643289,Mauricio Dubon,null,Batter
622110,Matt Duffy,null,Batter
641540,Dane Dunning,null,Pitcher
677649,Ezequiel Duran,null,Batter
680776,Jarren Duran,null,Batter
661395,Jhoan Duran,null,Pitcher
594807,Adam Duvall,null,Batter
681987,Nate Eaton,Kansas City Royals,Batter
669242,Tommy Edman,null,Batter
605218,Carl Edwards Jr.,null,Pitcher
669364,Xavier Edwards,Miami Marlins,Batter
621107,Zach Eflin,null,Pitcher
693821,Bryce Elder,null,Pitcher
656403,Drew Ellis,Philadelphia Phillies,Batter
641553,Adam Engel,San Diego Padres,Batter
669438,Mason Englert,null,Pitcher
543135,Nathan Eovaldi,null,Pitcher
668674,Lucas Erceg,null,Pitcher
500871,Eduardo Escobar,null,Batter
669289,Santiago Espinal,null,Batter
608032,Carlos Estevez,null,Pitcher
669093,Jeremiah Estrada,Chicago Cubs,Pitcher
642731,Thairo Estrada,null,Batter
656412,Alex Faedo,Detroit Tigers,Pitcher
664126,Pete Fairbanks,null,Pitcher
656413,Stuart Fairchild,null,Batter
663559,Bailey Falter,Philadelphia Phillies,Pitcher
544727,Jeurys Familia,Oakland Athletics,Pitcher
571656,Buck Farmer,null,Pitcher
571657,Kyle Farmer,null,Batter
676534,Calvin Faucher,Tampa Bay Rays,Pitcher
663372,Ryan Feltner,Colorado Rockies,Pitcher
657571,Caleb Ferguson,null,Pitcher
666023,Freddy Fermin,null,Batter
670036,Matt Festa,Seattle Mariners,Pitcher
640448,Kyle Finnegan,null,Pitcher
656427,Jack Flaherty,null,Pitcher
676596,Josh Fleming,Tampa Bay Rays,Pitcher
664058,David Fletcher,Los Angeles Angels,Batter
666150,Dominic Fletcher,Arizona Diamondbacks,Batter
623167,Chris Flexen,null,Pitcher
527038,Wilmer Flores,null,Batter
664314,Estevan Florial,New York Yankees,Batter
571670,Dylan Floro,null,Pitcher
671345,Jason Foley,null,Pitcher
645801,Mike Ford,null,Batter
663743,Nick Fortes,null,Batter
641584,Jake Fraley,Cincinnati Reds,Batter
641585,J.P. France,null,Pitcher
664034,Ty France,null,Batter
670102,Bowden Francis,null,Pitcher
677551,Wander Franco,null,Batter
624428,Adam Frazier,null,Batter
640449,Clint Frazier,null,Batter
607536,Kyle Freeland,null,Pitcher
518692,Freddie Freeman,null,Batter
671289,Tyler Freeman,null,Batter
666818,Luis Frias,Arizona Diamondbacks,Pitcher
608331,Max Fried,Atlanta Braves,Pitcher
670770,TJ Friedl,null,Batter
681807,David Fry,null,Batter
660261,Shintaro Fujinami,null,Pitcher
605242,Michael Fulmer,null,Pitcher
683769,Hunter Gaddis,Cleveland Guardians,Pitcher
657424,Matt Gage,Houston Astros,Pitcher
595956,Cam Gallagher,null,Batter
606149,Giovanny Gallegos,null,Pitcher
668678,Zac Gallen,null,Pitcher
608336,Joey Gallo,null,Batter
541645,Avisail Garcia,Miami Marlins,Batter
665620,Deivi Garcia,New York Yankees,Pitcher
666969,Adolis Garcia,null,Batter
670329,Rico Garcia,Oakland Athletics,Pitcher
671277,Luis Garcia,null,Batter
677651,Luis Garcia,Houston Astros,Pitcher
472610,Luis Garcia,null,Pitcher
672580,Maikel Garcia,null,Batter
554340,Yimi Garcia,null,Pitcher
664247,Kyle Garlick,Minnesota Twins,Batter
607237,Amir Garrett,Kansas City Royals,Pitcher
666129,Braxton Garrett,null,Pitcher
656448,Stone Garrett,null,Batter
657585,Reed Garrett,Baltimore Orioles,Pitcher
641598,Mitch Garver,null,Batter
621057,Justin Garza,null,Pitcher
592332,Kevin Gausman,null,Pitcher
593334,Domingo German,null,Pitcher
664139,Ian Gibaut,null,Pitcher
502043,Kyle Gibson,null,Pitcher
669302,Logan Gilbert,null,Pitcher
670810,Logan Gillaspie,Baltimore Orioles,Pitcher
665926,Andres Gimenez,null,Batter
656464,Kevin Ginkel,Arizona Diamondbacks,Pitcher
608337,Lucas Giolito,null,Pitcher
571710,Mychal Givens,Baltimore Orioles,Pitcher
607192,Tyler Glasnow,null,Pitcher
502671,Paul Goldschmidt,null,Batter
596295,Austin Gomber,null,Pitcher
543228,Yan Gomes,null,Batter
664062,Tony Gonsolin,null,Pitcher
594835,Marco Gonzales,Seattle Mariners,Pitcher
592346,Chi Chi Gonzalez,Miami Marlins,Pitcher
660757,Oscar Gonzalez,Cleveland Guardians,Batter
663853,Romy Gonzalez,null,Batter
624647,Victor Gonzalez,null,Pitcher
624503,Nick Gordon,Minnesota Twins,Batter
669022,MacKenzie Gore,null,Pitcher
669357,Nolan Gorman,null,Batter
641627,Trevor Gott,Seattle Mariners,Pitcher
518735,Yasmani Grandal,null,Batter
660813,Brusdar Graterol,null,Pitcher
608665,Kendall Graveman,null,Pitcher
592351,Jon Gray,null,Pitcher
680686,Josiah Gray,null,Pitcher
543243,Sonny Gray,null,Pitcher
668881,Hunter Greene,null,Pitcher
682985,Riley Greene,Detroit Tigers,Batter
425844,Zack Greinke,null,Pitcher
545341,Randal Grichuk,null,Batter
663757,Trent Grisham,null,Batter
687093,Vaughn Grissom,Atlanta Braves,Batter
543257,Robbie Grossman,null,Batter
675627,Michael Grove,Los Angeles Dodgers,Pitcher
642770,Javy Guerra,Tampa Bay Rays,Pitcher
665489,Vladimir Guerrero Jr.,null,Batter
641645,Luis Guillorme,null,Batter
666971,Lourdes Gurriel Jr.,null,Batter
493329,Yuli Gurriel,null,Batter
656495,Dalton Guthrie,Philadelphia Phillies,Batter
606992,Eric Haase,null,Batter
623352,Josh Hader,null,Pitcher
664059,Sam Haggerty,Seattle Mariners,Batter
669742,Darick Hall,Philadelphia Phillies,Batter
669084,DL Hall,Baltimore Orioles,Pitcher
571740,Billy Hamilton,Chicago White Sox,Batter
641656,Ian Hamilton,New York Yankees,Pitcher
641658,Garrett Hampson,null,Batter
543272,Brad Hand,null,Pitcher
571745,Mitch Haniger,San Francisco Giants,Batter
664023,Ian Happ,null,Batter
547180,Bryce Harper,null,Batter
663687,Hogan Harris,null,Pitcher
671739,Michael Harris II,null,Batter
665048,Hobie Harris,Washington Nationals,Pitcher
543281,Josh Harrison,null,Batter
640451,Hunter Harvey,null,Pitcher
656514,Adam Haseley,Chicago White Sox,Batter
641672,Thomas Hatch,Toronto Blue Jays,Pitcher
663647,Ke'Bryan Hayes,null,Batter
669720,Austin Hays,null,Batter
687396,Brent Headrick,null,Pitcher
571760,Andrew Heaney,null,Pitcher
621368,Taylor Hearn,Texas Rangers,Pitcher
669169,Jonathan Heasley,Kansas City Royals,Pitcher
595978,Austin Hedges,null,Batter
641680,Jonah Heim,null,Batter
623168,Tyler Heineman,Toronto Blue Jays,Batter
621294,Ben Heller,null,Pitcher
664854,Ryan Helsley,St. Louis Cardinals,Pitcher
592390,Heath Hembree,Tampa Bay Rays,Pitcher
683002,Gunnar Henderson,null,Batter
543294,Kyle Hendricks,null,Pitcher
521230,Liam Hendriks,Chicago White Sox,Pitcher
674072,Tommy Henry,null,Pitcher
682073,David Hensley,Houston Astros,Batter
656529,Sam Hentges,null,Pitcher
623474,Jimmy Herget,Los Angeles Angels,Pitcher
643361,Kevin Herget,Cincinnati Reds,Pitcher
672578,Carlos Hernandez,null,Pitcher
571771,Enrique Hernandez,null,Batter
642546,Jonathan Hernandez,Texas Rangers,Pitcher
669796,Jose Hernandez,null,Pitcher
606192,Teoscar Hernandez,null,Batter
660634,Yonny Hernandez,Los Angeles Dodgers,Batter
645444,Jose Herrera,Arizona Diamondbacks,Batter
682120,Tim Herrin,Cleveland Guardians,Pitcher
518792,Jason Heyward,null,Batter
543305,Aaron Hicks,null,Batter
663855,Jordan Hicks,null,Pitcher
543309,Kyle Higashioka,null,Batter
682051,Garrett Hill,Detroit Tigers,Pitcher
448179,Rich Hill,null,Pitcher
657612,Tim Hill,null,Pitcher
656541,Sam Hilliard,null,Batter
663546,Sean Hjelle,San Francisco Giants,Pitcher
663773,Bryan Hoeing,null,Pitcher
663538,Nico Hoerner,null,Batter
656546,Jeff Hoffman,null,Pitcher
670059,Colin Holderman,Pittsburgh Pirates,Pitcher
605280,Clay Holmes,null,Pitcher
663947,Tyler Holton,null,Pitcher
641703,Brent Honeywell,null,Pitcher
686759,TJ Hopkins,null,Batter
687462,Spencer Horwitz,null,Batter
543333,Eric Hosmer,Chicago Cubs,Batter
656557,Tanner Houck,null,Pitcher
605288,Adrian Houser,null,Pitcher
675921,Spencer Howard,Texas Rangers,Pitcher
669087,Sam Huff,null,Batter
676714,Brandon Hughes,Chicago Cubs,Pitcher
669450,Cooper Hummel,Seattle Mariners,Batter
488984,Tommy Hunter,New York Mets,Pitcher
628451,Andy Ibanez,null,Batter
628452,Raisel Iglesias,null,Pitcher
663697,Jonathan India,null,Batter
688427,Kolton Ingram,null,Pitcher
608344,Cole Irvin,null,Pitcher
663623,Jake Irvin,null,Pitcher
664728,Kyle Isbel,Kansas City Royals,Batter
656578,Andre Jackson,Los Angeles Dodgers,Pitcher
592426,Luke Jackson,null,Pitcher
543351,Jay Jackson,Toronto Blue Jays,Pitcher
667427,Zach Jackson,Oakland Athletics,Pitcher
682175,Joe Jacques,null,Pitcher
686753,Drey Jameson,null,Pitcher
608671,Travis Jankowski,null,Batter
643376,Danny Jansen,null,Batter
445276,Kenley Jansen,null,Pitcher
664299,Cristian Javier,null,Pitcher
643377,Griffin Jax,null,Pitcher
680777,Ryan Jeffers,null,Batter
666204,Dany Jimenez,Oakland Athletics,Pitcher
650391,Eloy Jimenez,null,Batter
641729,Joe Jimenez,null,Pitcher
656582,Connor Joe,null,Batter
669369,Bryce Johnson,San Francisco Giants,Batter
572955,Pierce Johnson,null,Pitcher
666134,Nolan Jones,null,Batter
690829,Ben Joyce,Los Angeles Angels,Pitcher
592450,Aaron Judge,New York Yankees,Batter
666397,Edouard Julien,null,Batter
667452,Corey Julks,null,Batter
673962,Josh Jung,null,Batter
596001,Jakob Junis,null,Pitcher
676083,Janson Junk,Milwaukee Brewers,Pitcher
592454,Tommy Kahnle,null,Pitcher
621076,James Kaprielian,null,Pitcher
676689,Ricky Karcher,Cincinnati Reds,Pitcher
675916,James Karinchak,Cleveland Guardians,Pitcher
666154,Karl Kauffmann,Colorado Rockies,Pitcher
641743,Anthony Kay,null,Pitcher
672284,Jarred Kelenic,null,Batter
641745,Brad Keller,Kansas City Royals,Pitcher
656605,Mitch Keller,null,Pitcher
665001,Trevor Kelley,Tampa Bay Rays,Pitcher
608348,Carson Kelly,null,Batter
523260,Joe Kelly,null,Pitcher
518876,Merrill Kelly,null,Pitcher
687330,Kevin Kelly,null,Pitcher
677161,Zack Kelly,Boston Red Sox,Pitcher
643393,Tony Kemp,null,Batter
453178,Ian Kennedy,Texas Rangers,Pitcher
596146,Max Kepler,null,Batter
678061,Ray Kerr,null,Pitcher
477132,Clayton Kershaw,null,Pitcher
666197,Grae Kessinger,null,Batter
595281,Kevin Kiermaier,null,Batter
579328,Yusei Kikuchi,null,Pitcher
668873,Caleb Kilian,Chicago Cubs,Pitcher
673490,Ha-Seong Kim,null,Batter
518886,Craig Kimbrel,null,Pitcher
643396,Isiah Kiner-Falefa,null,Batter
667463,John King,null,Pitcher
650633,Michael King,null,Pitcher
669923,George Kirby,null,Pitcher
666135,Alex Kirilloff,null,Batter
672386,Alejandro Kirk,null,Batter
446372,Corey Kluber,null,Pitcher
663753,Reiss Knehr,San Diego Padres,Pitcher
668800,Andrew Knizner,null,Batter
592473,Adam Kolarek,Los Angeles Dodgers,Pitcher
656627,Mark Kolozsvary,Baltimore Orioles,Batter
656629,Michael Kopech,null,Pitcher
663804,Jackson Kowar,null,Pitcher
668952,Ryan Kreidler,Detroit Tigers,Batter
665152,Dean Kremer,null,Pitcher
640454,Matt Krook,null,Pitcher
641771,Chad Kuhl,null,Pitcher
669270,Joel Kuhnel,Cincinnati Reds,Pitcher
680757,Steven Kwan,null,Batter
686747,Joe La Sorsa,Tampa Bay Rays,Pitcher
600303,Tommy La Stella,Seattle Mariners,Batter
571875,Jake Lamb,Los Angeles Angels,Batter
669424,Jimmy Lambert,Chicago White Sox,Pitcher
663567,Peter Lambert,null,Pitcher
659275,Dinelson Lamet,null,Pitcher
656638,Alex Lange,null,Pitcher
669127,Shea Langeliers,null,Batter
663616,Trevor Larnach,Minnesota Twins,Batter
641778,Eric Lauer,Milwaukee Brewers,Pitcher
657656,Ramon Laureano,null,Batter
571882,Derek Law,Cincinnati Reds,Pitcher
664875,Justin Lawrence,null,Pitcher
518934,DJ LeMahieu,null,Batter
600917,Jose Leclerc,null,Pitcher
669276,Dylan Lee,Atlanta Braves,Pitcher
668984,Casey Legumina,null,Pitcher
643410,Mark Leiter Jr.,null,Pitcher
506702,Sandy Leon,Texas Rangers,Batter
608678,Dominic Leone,null,Pitcher
623507,Josh Lester,null,Batter
641786,Kyle Lewis,Arizona Diamondbacks,Batter
668904,Royce Lewis,null,Batter
669461,Matthew Liberatore,null,Pitcher
689167,Jeff Lindgren,Miami Marlins,Pitcher
596019,Francisco Lindor,null,Batter
641793,Zack Littell,null,Pitcher
594902,Ben Lively,null,Pitcher
642528,Jonathan Loaisiga,New York Yankees,Pitcher
641796,Tim Locastro,New York Mets,Batter
666157,Nick Lodolo,Cincinnati Reds,Pitcher
669674,Sam Long,null,Pitcher
446334,Evan Longoria,null,Batter
605347,Jorge Lopez,null,Pitcher
673111,Jose Lopez,Tampa Bay Rays,Pitcher
670032,Nicky Lopez,null,Batter
641154,Pablo Lopez,null,Pitcher
625643,Reynaldo Lopez,null,Pitcher
547179,Michael Lorenzen,null,Pitcher
571901,Aaron Loup,null,Pitcher
663992,Richard Lovelady,Oakland Athletics,Pitcher
664040,Brandon Lowe,Tampa Bay Rays,Batter
663993,Nathaniel Lowe,null,Batter
666139,Josh Lowe,null,Batter
664192,Joey Lucchesi,New York Mets,Pitcher
476595,Lucas Luetge,Atlanta Braves,Pitcher
607625,Seth Lugo,San Diego Padres,Pitcher
664770,Nathan Lukes,Toronto Blue Jays,Batter
656669,Jordan Luplow,Toronto Blue Jays,Batter
666200,Jesus Luzardo,null,Pitcher
543475,Jordan Lyles,null,Pitcher
663738,Daniel Lynch,null,Pitcher
458681,Lance Lynn,null,Pitcher
600921,Andres Machado,Washington Nationals,Pitcher
592518,Manny Machado,null,Batter
663611,Nick Madrigal,null,Batter
628317,Kenta Maeda,Minnesota Twins,Pitcher
543482,Drew Maggi,Pittsburgh Pirates,Batter
641816,Tyler Mahle,Minnesota Twins,Pitcher
571912,Luke Maile,null,Batter
455117,Martin Maldonado,null,Batter
640455,Sean Manaea,null,Pitcher
641820,Trey Mancini,null,Batter
666159,Matt Manning,Detroit Tigers,Pitcher
666201,Alek Manoah,Toronto Blue Jays,Pitcher
573009,Joe Mantiply,null,Pitcher
672779,Tucupita Marcano,null,Batter
622534,Manuel Margot,null,Batter
676760,Ron Marinaccio,null,Pitcher
545350,Jake Marisnick,null,Batter
608566,German Marquez,Colorado Rockies,Pitcher
669016,Brandon Marsh,null,Batter
606466,Ketel Marte,null,Batter
516782,Starling Marte,null,Batter
628708,Yunior Marte,Philadelphia Phillies,Pitcher
455119,Chris Martin,null,Pitcher
661309,Adrian Martinez,Oakland Athletics,Pitcher
502110,J.D. Martinez,null,Batter
607259,Nick Martinez,null,Pitcher
661527,Seth Martinez,null,Pitcher
686681,Michael Massey,null,Batter
670156,Miles Mastrobuoni,null,Batter
622761,Jorge Mateo,null,Batter
664029,Mark Mathias,null,Batter
665155,Nick Maton,null,Batter
664208,Phil Maton,null,Pitcher
682641,Luis Matos,null,Batter
571927,Steven Matz,null,Pitcher
669160,Dustin May,Los Angeles Dodgers,Pitcher
543507,Trevor May,null,Pitcher
594577,Mike Mayers,null,Pitcher
641835,Tim Mayza,null,Pitcher
543510,James McCann,null,Batter
664983,Jake McCarthy,null,Batter
670766,Darren McCaughan,Seattle Mariners,Pitcher
663556,Shane McClanahan,null,Pitcher
676801,Chas McCormick,null,Batter
457705,Andrew McCutchen,null,Batter
668834,Easton McGee,Seattle Mariners,Pitcher
543518,Scott McGough,null,Pitcher
624512,Reese McGuire,null,Batter
543521,Collin McHugh,null,Pitcher
663630,Ryan McKenna,null,Batter
663474,Triston McKenzie,null,Pitcher
641856,Billy McKinney,null,Batter
656716,Zach McKinstry,null,Batter
680574,Matt McLain,null,Batter
641857,Ryan McMahon,null,Batter
643446,Jeff McNeil,null,Batter
640457,Austin Meadows,Detroit Tigers,Batter
683232,Nick Mears,Colorado Rockies,Pitcher
665622,Luis Medina,null,Pitcher
656730,Trevor Megill,null,Pitcher
656731,Tylor Megill,null,Pitcher
642336,Francisco Mejia,null,Batter
669004,MJ Melendez,null,Batter
608841,Joey Meneses,null,Batter
640458,Oscar Mercado,null,Batter
593160,Whit Merrifield,null,Batter
657240,Julian Merryweather,null,Pitcher
670223,Matt Mervis,Chicago Cubs,Batter
676694,Jake Meyers,null,Batter
641871,Keynan Middleton,null,Pitcher
571945,Miles Mikolas,null,Pitcher
489119,Wade Miley,Milwaukee Brewers,Pitcher
543543,Brad Miller,Texas Rangers,Batter
682243,Bryce Miller,null,Pitcher
695243,Mason Miller,Oakland Athletics,Pitcher
680911,Owen Miller,null,Batter
676272,Bobby Miller,null,Pitcher
571946,Shelby Miller,null,Pitcher
668338,Tyson Miller,null,Pitcher
571948,Hoby Milner,null,Pitcher
543548,Tommy Milone,Seattle Mariners,Pitcher
621345,A.J. Minter,null,Pitcher
669304,Jose Miranda,Minnesota Twins,Batter
664948,Anthony Misiewicz,Arizona Diamondbacks,Pitcher
669003,Garrett Mitchell,Milwaukee Brewers,Batter
669387,Carmen Mlodzinski,null,Pitcher
594580,Sam Moll,null,Pitcher
655316,Andruw Monasterio,null,Batter
660162,Yoan Moncada,Chicago White Sox,Batter
666160,Mickey Moniak,null,Batter
660707,Elehuris Montero,null,Batter
606160,Rafael Montero,null,Pitcher
663796,Coco Montes,null,Batter
656756,Jordan Montgomery,null,Pitcher
664238,Dylan Moore,null,Batter
519043,Matt Moore,Los Angeles Angels,Pitcher
686842,McKinley Moore,Philadelphia Phillies,Pitcher
663558,Jovani Moran,null,Pitcher
666624,Christopher Morel,null,Batter
672515,Gabriel Moreno,null,Batter
664294,Dauri Moreta,null,Pitcher
669212,Eli Morgan,null,Pitcher
606625,Reyes Moronta,Los Angeles Angels,Pitcher
663752,Cody Morris,Cleveland Guardians,Pitcher
450203,Charlie Morton,null,Pitcher
600301,Taylor Motter,St. Louis Cardinals,Batter
663624,Ryan Mountcastle,Baltimore Orioles,Batter
519058,Mike Moustakas,null,Batter
669105,Zach Muckenhirn,New York Mets,Pitcher
666205,Kyle Muller,Oakland Athletics,Pitcher
656775,Cedric Mullins,Baltimore Orioles,Batter
571970,Max Muncy,Los Angeles Dodgers,Batter
662253,Andres Munoz,null,Pitcher
682171,Penn Murfee,Seattle Mariners,Pitcher
669684,Chris Murphy,Boston Red Sox,Pitcher
669221,Sean Murphy,null,Batter
608596,Tom Murphy,null,Batter
605397,Joe Musgrove,null,Pitcher
656786,Parker Mushinski,Houston Astros,Pitcher
571976,Wil Myers,Cincinnati Reds,Batter
664942,James Naile,St. Louis Cardinals,Pitcher
677053,Andrew Nardi,null,Pitcher
553882,Omar Narvaez,null,Batter
676050,Packy Naughton,St. Louis Cardinals,Pitcher
647304,Josh Naylor,null,Batter
666310,Bo Naylor,Cleveland Guardians,Batter
594943,Zach Neal,Oakland Athletics,Pitcher
669459,Kyle Nelson,null,Pitcher
669194,Ryne Nelson,null,Pitcher
593576,Hector Neris,null,Pitcher
687263,Zach Neto,Los Angeles Angels,Batter
663527,Tyler Nevin,Detroit Tigers,Batter
621028,Kevin Newman,null,Batter
621512,Tomas Nido,New York Mets,Batter
607043,Brandon Nimmo,null,Batter
676116,Ryan Noda,null,Batter
668665,Stephen Nogosek,New York Mets,Pitcher
605400,Aaron Nola,null,Pitcher
543592,Austin Nola,null,Batter
543594,Sean Nolin,Miami Marlins,Pitcher
663457,Lars Nootbaar,St. Louis Cardinals,Batter
656811,Ryan O'Hearn,null,Batter
681351,Logan O'Hoppe,Los Angeles Angels,Batter
641933,Tyler O'Neill,St. Louis Cardinals,Batter
641927,Bailey Ober,null,Pitcher
596059,Rougned Odor,null,Batter
660271,Shohei Ohtani,null,Batter
595345,Steven Okert,null,Pitcher
608360,Chris Okey,Los Angeles Angels,Batter
658668,Edward Olivares,null,Batter
670124,Adam Oller,Oakland Athletics,Pitcher
621566,Matt Olson,null,Batter
681857,Reese Olson,null,Pitcher
672391,Kaleb Ort,Boston Red Sox,Pitcher
687401,Joey Ortiz,null,Batter
656814,Luis F. Ortiz,null,Pitcher
682847,Luis L. Ortiz,null,Pitcher
493603,Adam Ottavino,null,Pitcher
681546,James Outman,null,Batter
656818,Connor Overton,Cincinnati Reds,Pitcher
670912,Johan Oviedo,null,Pitcher
572008,Chris Owings,Pittsburgh Pirates,Batter
542303,Marcell Ozuna,null,Batter
665506,Cristian Pache,null,Batter
656820,Nicholas Padilla,Chicago White Sox,Pitcher
641941,Emilio Pagan,null,Pitcher
641943,Josh Palacios,null,Batter
669467,Andre Pallante,null,Pitcher
670623,Isaac Paredes,null,Batter
686469,Vinnie Pasquantino,Kansas City Royals,Batter
672715,Luis Patino,Tampa Bay Rays,Pitcher
607359,Spencer Patton,Oakland Athletics,Pitcher
572020,James Paxton,null,Pitcher
606303,Joel Payamps,null,Pitcher
663878,Nate Pearson,null,Pitcher
592626,Joc Pederson,null,Batter
665625,Elvis Peguero,null,Pitcher
665161,Jeremy Pena,null,Batter
642547,Freddy Peralta,null,Pitcher
671111,Sammy Peralta,Chicago White Sox,Pitcher
444482,David Peralta,null,Batter
593974,Wandy Peralta,null,Pitcher
672724,Oswald Peraza,New York Yankees,Batter
622780,Angel Perdomo,null,Pitcher
672695,Geraldo Perdomo,null,Batter
656024,Carlos Perez,Chicago White Sox,Batter
542208,Carlos Perez,null,Batter
672335,Cionel Perez,null,Pitcher
691587,Eury Perez,null,Pitcher
527048,Martin Perez,null,Pitcher
605421,Michael Perez,New York Mets,Batter
547379,Roberto Perez,San Francisco Giants,Batter
521692,Salvador Perez,null,Batter
663368,Blake Perkins,null,Batter
656849,David Peterson,New York Mets,Pitcher
607054,Jace Peterson,null,Batter
694297,Brandon Pfaadt,Arizona Diamondbacks,Pitcher
502054,Tommy Pham,null,Batter
621433,Brett Phillips,Los Angeles Angels,Batter
623465,Evan Phillips,null,Pitcher
663455,Konnor Pilkington,Cleveland Guardians,Pitcher
607680,Kevin Pillar,null,Batter
666207,Riley Pint,Colorado Rockies,Pitcher
601713,Nick Pivetta,null,Pitcher
668676,Zach Plesac,Cleveland Guardians,Pitcher
621363,Colin Poche,null,Pitcher
593871,Jorge Polanco,Minnesota Twins,Batter
572041,AJ Pollock,null,Batter
647315,Zach Pop,Toronto Blue Jays,Pitcher
668472,Nick Pratto,null,Batter
519151,Ryan Pressly,null,Pitcher
595777,Jurickson Profar,null,Batter
643493,Austin Pruitt,null,Pitcher
640462,A.J. Puk,null,Pitcher
615698,Cal Quantrill,Cleveland Guardians,Pitcher
629498,Johan Quezada,Miami Marlins,Pitcher
650671,Jose Quijada,Los Angeles Angels,Pitcher
666142,Cole Ragans,Texas Rangers,Pitcher
663728,Cal Raleigh,null,Batter
548384,Brooks Raley,null,Pitcher
670042,Luke Raley,null,Batter
541640,Erasmo Ramirez,Washington Nationals,Pitcher
623912,Harold Ramirez,null,Batter
608070,Jose Ramirez,null,Batter
598286,Nick Ramirez,null,Pitcher
670990,Yohan Ramirez,null,Pitcher
671218,Heliot Ramos,San Francisco Giants,Batter
592656,Henry Ramos,Cincinnati Reds,Batter
656876,Drew Rasmussen,Tampa Bay Rays,Pitcher
592662,Robbie Ray,Seattle Mariners,Pitcher
607067,Colin Rea,null,Pitcher
592663,J.T. Realmuto,null,Batter
596082,Jake Reed,Los Angeles Dodgers,Pitcher
608701,Rob Refsnyder,null,Batter
621545,Zach Remillard,null,Batter
543685,Anthony Rendon,null,Batter
592669,Hunter Renfroe,null,Batter
650859,Luis Rengifo,null,Batter
660593,Denyi Reyes,New York Mets,Pitcher
614177,Franmil Reyes,Kansas City Royals,Batter
622103,Gerardo Reyes,Los Angeles Angels,Pitcher
622569,Pablo Reyes,null,Batter
668804,Bryan Reynolds,null,Batter
608703,Matt Reynolds,Cincinnati Reds,Batter
670950,Trevor Richards,null,Pitcher
663586,Austin Riley,null,Batter
621458,Edwin Rios,Chicago Cubs,Batter
663845,Alfonso Rivas,San Diego Padres,Batter
656896,Emmanuel Rivera,null,Batter
519203,Anthony Rizzo,null,Batter
673357,Luis Robert Jr.,null,Batter
502085,David Robertson,null,Pitcher
687798,Nick Robertson,null,Pitcher
645302,Victor Robles,null,Batter
677587,Brayan Rocchio,Cleveland Guardians,Batter
593958,Eduardo Rodriguez,Detroit Tigers,Pitcher
680570,Grayson Rodriguez,Baltimore Orioles,Pitcher
605446,Dereck Rodriguez,Atlanta Braves,Pitcher
570257,Joely Rodriguez,Boston Red Sox,Pitcher
642578,Jose Rodriguez,Seattle Mariners,Pitcher
677594,Julio Rodriguez,null,Batter
666720,Yerry Rodriguez,Texas Rangers,Pitcher
668670,Jake Rogers,null,Batter
573124,Taylor Rogers,null,Pitcher
669432,Trevor Rogers,Miami Marlins,Pitcher
643511,Tyler Rogers,null,Pitcher
668942,Josh Rojas,null,Batter
500743,Miguel Rojas,null,Batter
605447,Jordan Romano,null,Pitcher
668941,JoJo Romero,St. Louis Cardinals,Pitcher
667670,Brent Rooker,null,Batter
666163,Ben Rortvedt,New York Yankees,Batter
592696,Eddie Rosario,null,Batter
642708,Amed Rosario,null,Batter
607968,Drew Rucinski,Oakland Athletics,Pitcher
621074,Michael Rucker,null,Pitcher
573131,Darin Ruf,Milwaukee Brewers,Batter
665923,Esteury Ruiz,null,Batter
614179,Jose Ruiz,null,Pitcher
660688,Keibert Ruiz,null,Batter
668939,Adley Rutschman,null,Batter
657746,Joe Ryan,null,Pitcher
666165,Blake Sabol,null,Batter
663967,Cesar Salazar,null,Batter
674285,Eduardo Salazar,Cincinnati Reds,Pitcher
519242,Chris Sale,Boston Red Sox,Pitcher
650911,Cristopher Sanchez,Philadelphia Phillies,Pitcher
596142,Gary Sanchez,null,Batter
660821,Jesus Sanchez,null,Batter
680704,Nick Sandlin,null,Pitcher
663776,Patrick Sandoval,null,Pitcher
663485,Cole Sands,Minnesota Twins,Pitcher
665665,Reiver Sanmartin,Cincinnati Reds,Pitcher
467793,Carlos Santana,null,Batter
642701,Dennis Santana,New York Mets,Pitcher
623993,Anthony Santander,null,Batter
666619,Gregory Santos,null,Pitcher
642048,Tayler Saucedo,null,Pitcher
622250,Josh Sborz,null,Pitcher
453286,Max Scherzer,null,Pitcher
657376,Clarke Schmidt,null,Pitcher
669477,Casey Schmitt,null,Batter
669947,Jesse Scholtens,null,Pitcher
570731,Jonathan Schoop,null,Batter
670167,John Schreiber,Boston Red Sox,Pitcher
656941,Kyle Schwarber,null,Batter
656945,Tanner Scott,null,Pitcher
605463,Tayler Scott,null,Pitcher
657756,Connor Seabold,null,Pitcher
608369,Corey Seager,null,Batter
676664,JP Sears,null,Pitcher
516416,Jean Segura,null,Batter
543760,Marcus Semien,null,Batter
673540,Kodai Senga,null,Pitcher
622608,Antonio Senzatela,Colorado Rockies,Pitcher
669222,Nick Senzel,null,Batter
661531,Brian Serven,Colorado Rockies,Batter
622663,Luis Severino,null,Pitcher
623149,Paul Sewald,null,Pitcher
686218,Emmet Sheehan,null,Pitcher
657757,Gavin Sheets,null,Batter
595411,Ryan Sherriff,Boston Red Sox,Pitcher
669699,Braden Shewmake,Atlanta Braves,Batter
670097,Zack Short,null,Batter
592741,Chasen Shreve,null,Pitcher
694363,Jared Shuster,null,Pitcher
681217,Chase Silseth,Los Angeles Angels,Pitcher
608371,Lucas Sims,null,Pitcher
663903,Brady Singer,null,Pitcher
572138,Jon Singleton,null,Batter
642350,Jose Siri,null,Batter
596103,Austin Slater,null,Batter
663629,Ethan Small,Milwaukee Brewers,Pitcher
656970,Devin Smeltzer,Miami Marlins,Pitcher
622098,Drew Smith,New York Mets,Pitcher
642086,Dominic Smith,null,Batter
669701,Josh H. Smith,null,Batter
675656,Kevin Smith,null,Batter
656976,Pavin Smith,null,Batter
663385,Chad Smith,null,Pitcher
669257,Will Smith,null,Batter
519293,Will Smith,null,Pitcher
675986,Canaan Smith-Njigba,Pittsburgh Pirates,Batter
700363,AJ Smith-Shawver,null,Pitcher
592767,Drew Smyly,null,Pitcher
605483,Blake Snell,null,Pitcher
669256,Nick Solak,Detroit Tigers,Batter
456781,Donovan Solano,null,Batter
624585,Jorge Soler,null,Batter
656981,Peter Solomon,Arizona Diamondbacks,Pitcher
666277,George Soriano,Miami Marlins,Pitcher
667755,Jose Soriano,null,Pitcher
647336,Michael Soroka,Atlanta Braves,Pitcher
624641,Edmundo Sosa,null,Batter
672820,Lenyn Sosa,Chicago White Sox,Batter
642397,Gregory Soto,null,Pitcher
665742,Juan Soto,null,Batter
670869,Livan Soto,Los Angeles Angels,Batter
656986,Bennett Sousa,Milwaukee Brewers,Pitcher
642100,Gabe Speier,null,Pitcher
543807,George Springer,null,Batter
605488,Jeffrey Springs,Tampa Bay Rays,Pitcher
607732,Jacob Stallings,null,Batter
592773,Ryne Stanek,null,Pitcher
519317,Giancarlo Stanton,null,Batter
622251,Josh Staumont,Kansas City Royals,Pitcher
657006,Justin Steele,null,Pitcher
668715,Spencer Steer,null,Batter
683021,Michael Stefanic,null,Batter
663986,Trevor Stephan,null,Pitcher
596112,Robert Stephenson,null,Pitcher
663886,Tyler Stephenson,null,Batter
670276,Cal Stevenson,San Francisco Giants,Batter
592779,Brock Stewart,null,Pitcher
694813,Gavin Stone,Los Angeles Dodgers,Pitcher
681082,Bryson Stott,null,Batter
686651,Levi Stoudt,Cincinnati Reds,Pitcher
669065,Kyle Stowers,Baltimore Orioles,Batter
621381,Matt Strahm,null,Pitcher
608717,Chris Stratton,null,Pitcher
664702,Myles Straw,null,Batter
675911,Spencer Strider,null,Pitcher
548389,Ross Stripling,San Francisco Giants,Pitcher
573186,Marcus Stroman,null,Pitcher
657265,Peter Strzelecki,null,Pitcher
596117,Garrett Stubbs,null,Batter
553993,Eugenio Suarez,null,Batter
660761,Jose Suarez,Los Angeles Angels,Pitcher
624133,Ranger Suarez,null,Pitcher
593833,Wander Suero,Los Angeles Dodgers,Pitcher
664954,Brett Sullivan,San Diego Padres,Batter
642121,Cole Sulser,Arizona Diamondbacks,Pitcher
608718,Brent Suter,null,Pitcher
669261,Jack Suwinski,null,Batter
673548,Seiya Suzuki,null,Batter
657024,Erik Swanson,null,Pitcher
621020,Dansby Swanson,null,Batter
592789,Noah Syndergaard,Los Angeles Dodgers,Pitcher
592791,Jameson Taillon,null,Pitcher
593619,Domingo Tapia,San Diego Padres,Pitcher
606132,Raimel Tapia,null,Batter
665487,Fernando Tatis Jr.,null,Batter
643565,Mike Tauchman,null,Batter
665750,Leody Taveras,null,Batter
621035,Chris Taylor,null,Batter
657031,Josh Taylor,Kansas City Royals,Pitcher
572191,Michael A. Taylor,null,Batter
669392,Samad Taylor,null,Batter
621438,Tyrone Taylor,Milwaukee Brewers,Batter
527054,Julio Teheran,null,Pitcher
642133,Rowdy Tellez,null,Batter
572193,Ryan Tepera,Los Angeles Angels,Pitcher
642136,Matt Thaiss,null,Batter
672730,Juan Then,Seattle Mariners,Pitcher
573204,Caleb Thielbar,Minnesota Twins,Pitcher
677950,Alek Thomas,Arizona Diamondbacks,Batter
657041,Lane Thomas,null,Batter
624522,Keegan Thompson,Chicago Cubs,Pitcher
669352,Bubba Thompson,Texas Rangers,Batter
666168,Mason Thompson,null,Pitcher
657044,Ryan Thompson,Tampa Bay Rays,Pitcher
572204,Trayce Thompson,Los Angeles Dodgers,Batter
668868,Zack Thompson,St. Louis Cardinals,Pitcher
669911,Michael Toglia,Colorado Rockies,Batter
543859,Michael Tonkin,null,Pitcher
623437,Justin Topa,null,Pitcher
679529,Spencer Torkelson,null,Batter
647351,Abraham Toro,Milwaukee Brewers,Batter
620443,Luis Torrens,Chicago Cubs,Batter
650402,Gleyber Torres,null,Batter
657053,Touki Toussaint,null,Pitcher
678662,Ezequiel Tovar,null,Batter
666211,Taylor Trammell,Seattle Mariners,Batter
676701,Alan Trejo,Colorado Rockies,Batter
624431,Jose Trevino,null,Batter
644433,Chadwick Tromp,Atlanta Braves,Batter
545361,Mike Trout,null,Batter
663656,Kyle Tucker,null,Batter
668930,Brice Turang,Milwaukee Brewers,Batter
605513,Spencer Turnbull,Detroit Tigers,Pitcher
457759,Justin Turner,null,Batter
607208,Trea Turner,null,Batter
670955,Edwin Uceta,New York Mets,Pitcher
657272,Erich Uelmen,Philadelphia Phillies,Pitcher
621249,Duane Underwood Jr.,Pittsburgh Pirates,Pitcher
570632,Jose Urena,Colorado Rockies,Pitcher
628711,Julio Urias,Los Angeles Dodgers,Pitcher
649966,Luis Urias,null,Batter
602104,Ramon Urias,null,Batter
664353,Jose Urquidy,Houston Astros,Pitcher
570482,Gio Urshela,Los Angeles Angels,Batter
665839,Enmanuel Valdez,Boston Red Sox,Batter
664285,Framber Valdez,null,Pitcher
672841,Carlos Vargas,Arizona Diamondbacks,Pitcher
545121,Ildemaro Vargas,null,Batter
678246,Miguel Vargas,null,Batter
681402,Gus Varland,Milwaukee Brewers,Pitcher
686973,Louie Varland,null,Pitcher
662139,Daulton Varsho,null,Batter
607755,Andrew Vasquez,null,Pitcher
681190,Randy Vasquez,New York Yankees,Pitcher
683734,Andrew Vaughn,null,Batter
679631,Terrin Vavra,Baltimore Orioles,Batter
543877,Christian Vazquez,null,Batter
592826,Vince Velasquez,Pittsburgh Pirates,Pitcher
623205,Andrew Velazquez,null,Batter
676369,Nelson Velazquez,Chicago Cubs,Batter
572403,Drew VerHagen,null,Pitcher
657077,Alex Verdugo,null,Batter
434378,Justin Verlander,null,Pitcher
681911,Alex Vesia,null,Pitcher
676684,Will Vest,null,Pitcher
668901,Mark Vientos,null,Batter
663837,Matt Vierling,null,Batter
681584,David Villar,null,Batter
650619,Meibrys Viloria,Cleveland Guardians,Batter
596129,Daniel Vogelbach,null,Batter
572228,Luke Voit,Milwaukee Brewers,Batter
683011,Anthony Volpe,null,Batter
613564,Jason Vosler,Cincinnati Reds,Batter
608723,Austin Voth,Baltimore Orioles,Pitcher
608379,Michael Wacha,null,Pitcher
664774,LaMonte Wade Jr.,null,Batter
642180,Tyler Wade,Oakland Athletics,Batter
425794,Adam Wainwright,null,Pitcher
686972,Cole Waites,San Francisco Giants,Pitcher
686610,Ken Waldichuk,null,Pitcher
572233,Christian Walker,null,Batter
691023,Jordan Walker,null,Batter
677020,Josh Walker,null,Pitcher
676254,Ryan Walker,null,Pitcher
592836,Taijuan Walker,null,Pitcher
595453,Chad Wallach,null,Batter
670242,Matt Wallner,Minnesota Twins,Batter
670764,Taylor Walls,null,Batter
665120,Jared Walsh,null,Batter
681806,Andrew Wantz,Los Angeles Angels,Pitcher
621493,Taylor Ward,null,Batter
663658,Thaddeus Ward,null,Pitcher
681810,Austin Warren,Los Angeles Angels,Pitcher
671221,Drew Waters,null,Batter
657093,Spenser Watkins,null,Pitcher
677960,Ryan Weathers,San Diego Padres,Pitcher
596133,Luke Weaver,null,Pitcher
657097,Jacob Webb,null,Pitcher
657277,Logan Webb,null,Pitcher
543901,Ryan Weber,New York Yankees,Pitcher
607179,Jordan Weems,null,Pitcher
592848,Zack Weiss,Los Angeles Angels,Pitcher
669711,Greg Weissert,New York Yankees,Pitcher
669330,Tyler Wells,null,Pitcher
621563,Joey Wendle,null,Batter
666214,Joey Wentz,null,Pitcher
669713,Hayden Wesneski,null,Pitcher
554430,Zack Wheeler,null,Pitcher
686839,Brendan White,null,Pitcher
642201,Eli White,Atlanta Braves,Batter
669952,Mitch White,null,Pitcher
669391,Owen White,Texas Rangers,Pitcher
676477,Garrett Whitlock,null,Pitcher
686894,Joey Wiemer,null,Batter
642207,Devin Williams,null,Pitcher
663897,Luke Williams,Los Angeles Dodgers,Batter
592866,Trevor Williams,null,Pitcher
682227,Brandon Williamson,null,Pitcher
669060,Bryse Wilson,null,Pitcher
621051,Steven Wilson,null,Pitcher
670174,Josh Winckowski,null,Pitcher
680739,Josh Winder,Minnesota Twins,Pitcher
622259,Trey Wingenter,Detroit Tigers,Pitcher
608385,Jesse Winker,Milwaukee Brewers,Batter
676775,Keaton Winn,San Francisco Giants,Pitcher
621550,Patrick Wisdom,Chicago Cubs,Batter
689172,Brett Wisely,San Francisco Giants,Batter
677951,Bobby Witt Jr.,null,Batter
621295,Nick Wittgren,null,Pitcher
657136,Connor Wong,null,Batter
543939,Kolten Wong,null,Batter
693433,Bryan Woo,null,Pitcher
622072,Alex Wood,San Francisco Giants,Pitcher
663765,Jake Woodford,null,Pitcher
605540,Brandon Woodruff,Milwaukee Brewers,Pitcher
680573,Simeon Woods Richardson,Minnesota Twins,Pitcher
657140,Kyle Wright,Atlanta Braves,Pitcher
642851,Austin Wynns,null,Batter
642231,Jimmy Yacabonis,New York Mets,Pitcher
642232,Ryan Yarbrough,Kansas City Royals,Pitcher
573262,Mike Yastrzemski,null,Batter
489446,Kirby Yates,null,Pitcher
592885,Christian Yelich,null,Batter
660766,Juan Yepez,St. Louis Cardinals,Batter
807799,Masataka Yoshida,null,Batter
622065,Alex Young,null,Pitcher
664849,Danny Young,Atlanta Braves,Pitcher
642239,Rob Zastryzny,Pittsburgh Pirates,Pitcher
664874,Seby Zavala,null,Batter
669145,Bruce Zimmermann,Baltimore Orioles,Pitcher
670871,Guillermo Zuniga,St. Louis Cardinals,Pitcher
572287,Mike Zunino,Cleveland Guardians,Batter
518595,Travis d'Arnaud,null,Batter
594798,Jacob deGrom,Texas Rangers,Pitcher
